Workbook

Sheet tableau_de_bord
A1: Tableau de bord - Interventions des secours en 2023
A4: Zone de filtres
B6: Filtre zone | C6: Toutes | E6: Filtre région | F6: Toutes
A9: Top 10 départements | D9: Grandes catégories | J9: Total interventions | L9: Nombre de lignes
A10: Département | B10: Interventions | D10: Catégorie | E10: Interventions | J10: =SUM(E11:E14) | L10: =COUNTIFS(donnees_nettoyees!$B$2:$B$200,IF($C$6="Toutes","*",$C$6),donnees_nettoyees!$C$2:$C$200,IF($F$6="Toutes","*",$F$6))
A11: =INDEX(calcul_dashboard!$A$2:$A$200,MATCH(B11,calcul_dashboard!$C$2:$C$200,0)) | B11: =LARGE(calcul_dashboard!$C$2:$C$200,1) | D11: Incendies | E11: =SUMIFS(donnees_nettoyees!$R$2:$R$200,donnees_nettoyees!$B$2:$B$200,IF($C$6="Toutes","*",$C$6),donnees_nettoyees!$C$2:$C$200,IF($F$6="Toutes","*",$F$6))
A12: =INDEX(calcul_dashboard!$A$2:$A$200,MATCH(B12,calcul_dashboard!$C$2:$C$200,0)) | B12: =LARGE(calcul_dashboard!$C$2:$C$200,2) | D12: Secours à personne | E12: =SUMIFS(donnees_nettoyees!$AM$2:$AM$200,donnees_nettoyees!$B$2:$B$200,IF($C$6="Toutes","*",$C$6),donnees_nettoyees!$C$2:$C$200,IF($F$6="Toutes","*",$F$6))
A13: =INDEX(calcul_dashboard!$A$2:$A$200,MATCH(B13,calcul_dashboard!$C$2:$C$200,0)) | B13: =LARGE(calcul_dashboard!$C$2:$C$200,3) | D13: Accidents | E13: =SUMIFS(donnees_nettoyees!$AS$2:$AS$200,donnees_nettoyees!$B$2:$B$200,IF($C$6="Toutes","*",$C$6),donnees_nettoyees!$C$2:$C$200,IF($F$6="Toutes","*",$F$6)) | J13: Part secours à personne | L13: Nombre de catégories
A14: =INDEX(calcul_dashboard!$A$2:$A$200,MATCH(B14,calcul_dashboard!$C$2:$C$200,0)) | B14: =LARGE(calcul_dashboard!$C$2:$C$200,4) | D14: Opérations diverses | E14: =SUMIFS(donnees_nettoyees!$BR$2:$BR$200,donnees_nettoyees!$B$2:$B$200,IF($C$6="Toutes","*",$C$6),donnees_nettoyees!$C$2:$C$200,IF($F$6="Toutes","*",$F$6)) | J14: =E12/J10 | L14: 4
A15: =INDEX(calcul_dashboard!$A$2:$A$200,MATCH(B15,calcul_dashboard!$C$2:$C$200,0)) | B15: =LARGE(calcul_dashboard!$C$2:$C$200,5)
A16: =INDEX(calcul_dashboard!$A$2:$A$200,MATCH(B16,calcul_dashboard!$C$2:$C$200,0)) | B16: =LARGE(calcul_dashboard!$C$2:$C$200,6)
A17: =INDEX(calcul_dashboard!$A$2:$A$200,MATCH(B17,calcul_dashboard!$C$2:$C$200,0)) | B17: =LARGE(calcul_dashboard!$C$2:$C$200,7)
A18: =INDEX(calcul_dashboard!$A$2:$A$200,MATCH(B18,calcul_dashboard!$C$2:$C$200,0)) | B18: =LARGE(calcul_dashboard!$C$2:$C$200,8)
A19: =INDEX(calcul_dashboard!$A$2:$A$200,MATCH(B19,calcul_dashboard!$C$2:$C$200,0)) | B19: =LARGE(calcul_dashboard!$C$2:$C$200,9)
A20: =INDEX(calcul_dashboard!$A$2:$A$200,MATCH(B20,calcul_dashboard!$C$2:$C$200,0)) | B20: =LARGE(calcul_dashboard!$C$2:$C$200,10)

Sheet donnees_nettoyees
A1: ann�e | B1: zone | C1: r�gion | D1: num�ro | E1: d�partement | F1: cat�gorie_a | G1: feux_d'habitations-bureaux | H1: dont_feux_de_chemin�es | I1: feux_d'erp_avec_local_�_sommeil | J1: feux_d'erp_sans_local_�_sommeil | K1: feux_de_locaux_industriels | L1: feux_de_locaux_artisanaux | M1: feux_de_locaux_agricoles | N1: feux_sur_voie_publique | O1: feux_de_v�hicules | P1: feux_de_v�g�tations | Q1: autres_feux | R1: incendies | S1: accidents_sur_lieux_de_travail | T1: accidents_�_domicile | U1: accidents_de_sport | V1: accidents_sur_voie_publique | W1: secours_en_montagne | X1: malaises_sur_lieux_de_travail | Y1: malaises_�_domicile_:_urgence_vitale | Z1: malaises_�_domicile_:_carence | AA1: malaises_en_sport | AB1: malaises_sur_voie_publique | AC1: autolyses | AD1: secours_en_piscines_ou_eaux_int�rieures | AE1: secours_en_mer_(fdsm) | AF1: intoxications | AG1: dont_intoxications_au_co | AH1: autres_sav | AI1: secours_�_victime | AJ1: relevage_de_personnes | AK1: recherche_de_personnes | AL1: aides_�_personne | AM1: secours_�_personne | AN1: accidents_routiers | AO1: accidents_ferroviaires | AP1: accidents_a�riens | AQ1: accidents_de_navigation | AR1: accidents_de_t�l�portage | AS1: accidents_de_circulation | AT1: odeurs_-_fuites_de_gaz | AU1: odeurs_(autres_que_gaz) | AV1: fait_dus_�_l'�lectricit� | AW1: pollutions_-_contaminations | AX1: autres_risques_technologiques | AY1: risques_technologiques | AZ1: fuites_d'eau | BA1: inondations | BB1: ouvertures_de_portes | BC1: recherches_d'objets | BD1: bruits_suspects | BE1: protection_des_biens | BF1: fausses_alertes | BG1: dont_fausses_alertes_daaf | BH1: faits_d'animaux_(hors_hym�nopt�res) | BI1: hym�nopt�res | BJ1: d�gagements_de_voies_publiques | BK1: nettoyages_de_voies_publiques | BL1: �boulements | BM1: d�poses_d'objets | BN1: piquets_de_s�curit�_-_surveillances | BO1: engins_explosifs | BP1: autres_op�rations_diverses | BQ1: divers | BR1: op�rations_diverses | BS1: total_interventions
A2: 2023 | B2: Sud | C2: Provence-Alpes-C�te d'Azur | D2: BMPM | E2: Bouches-du-Rh�ne | G2: 774 | H2: 9 | I2: 35 | J2: 176 | K2: 51 | L2: 0 | M2: 0 | N2: 2536 | O2: 1326 | P2: 488 | Q2: 0 | R2: 5386 | S2: 3091 | T2: 8774 | U2: 1359 | V2: 13074 | W2: 132 | X2: 2808 | Y2: 27748 | Z2: 3135 | AA2: 244 | AB2: 19542 | AC2: 1544 | AD2: 13 | AE2: 68 | AF2: 1997 | AG2: 12 | AH2: 449 | AI2: 83978 | AJ2: 8291 | AK2: 1077 | AL2: 9368 | AM2: 93346 | AN2: 7502 | AO2: 18 | AP2: 0 | AQ2: 81 | AR2: 0 | AS2: 7601 | AT2: 964 | AU2: 269 | AV2: 525 | AW2: 59 | AX2: 0 | AY2: 1817 | AZ2: 1891 | BA2: 31 | BB2: 45 | BC2: 1376 | BD2: 468 | BE2: 3811 | BF2: 4302 | BG2: 0 | BH2: 486 | BI2: 251 | BJ2: 577 | BK2: 137 | BL2: 12 | BM2: 0 | BN2: 1867 | BO2: 0 | BP2: 724 | BQ2: 8356 | BR2: 12167 | BS2: 120317
A3: 2023 | B3: �le-de-France | C3: �le-de-France | D3: BSPP | E3: Paris | G3: 3763 | H3: 37 | I3: 118 | J3: 650 | K3: 133 | L3: 12 | M3: 14 | N3: 5120 | O3: 3384 | P3: 382 | Q3: 1970 | R3: 15546 | S3: 6539 | T3: 22633 | U3: 3326 | V3: 29708 | W3: 0 | X3: 19154 | Y3: 18086 | Z3: 126930 | AA3: 2427 | AB3: 83550 | AC3: 0 | AD3: 375 | AE3: 0 | AF3: 33059 | AG3: 76 | AH3: 39353 | AI3: 385140 | AJ3: 18773 | AK3: 26780 | AL3: 45553 | AM3: 430693 | AN3: 25737 | AO3: 40 | AP3: 4 | AQ3: 20 | AR3: 0 | AS3: 25801 | AT3: 2787 | AU3: 9 | AV3: 934 | AW3: 145 | AX3: 117 | AY3: 3992 | AZ3: 498 | BA3: 315 | BB3: 0 | BC3: 18 | BD3: 163 | BE3: 994 | BF3: 1413 | BG3: 0 | BH3: 1033 | BI3: 259 | BJ3: 36 | BK3: 234 | BL3: 41 | BM3: 994 | BN3: 0 | BO3: 17 | BP3: 14344 | BQ3: 18371 | BR3: 19365 | BS3: 495397
A4: 2023 | B4: Sud-est | C4: Auvergne-Rh�ne-Alpes | D4: 1 | E4: Ain | F4: B | G4: 507 | H4: 198 | I4: 22 | J4: 19 | K4: 66 | L4: 16 | M4: 27 | N4: 599 | O4: 513 | P4: 499 | Q4: 85 | R4: 2353 | S4: 1425 | T4: 2908 | U4: 991 | V4: 2779 | W4: 82 | X4: 0 | Y4: 6445 | Z4: 5253 | AA4: 199 | AB4: 6332 | AC4: 890 | AD4: 38 | AE4: 0 | AF4: 11 | AG4: 8 | AH4: 460 | AI4: 27813 | AJ4: 2706 | AK4: 99 | AL4: 2805 | AM4: 30618 | AN4: 2948 | AO4: 6 | AP4: 2 | AQ4: 7 | AR4: 0 | AS4: 2963 | AT4: 238 | AU4: 127 | AV4: 34 | AW4: 26 | AX4: 8 | AY4: 433 | AZ4: 243 | BA4: 472 | BB4: 134 | BC4: 13 | BD4: 10 | BE4: 872 | BF4: 2733 | BG4: 59 | BH4: 515 | BI4: 1573 | BJ4: 140 | BK4: 16 | BL4: 29 | BM4: 114 | BN4: 3 | BO4: 3 | BP4: 1026 | BQ4: 6152 | BR4: 7024 | BS4: 43391
A5: 2023 | B5: Nord | C5: Hauts-de-France | D5: 2 | E5: Aisne | F5: B | G5: 931 | H5: 316 | I5: 24 | J5: 56 | K5: 59 | L5: 1 | M5: 17 | N5: 649 | O5: 469 | P5: 410 | Q5: 223 | R5: 2839 | S5: 257 | T5: 1182 | U5: 503 | V5: 2903 | W5: 0 | X5: 141 | Y5: 8609 | Z5: 1708 | AA5: 25 | AB5: 4536 | AC5: 420 | AD5: 29 | AE5: 0 | AF5: 142 | AG5: 0 | AH5: 1524 | AI5: 21979 | AJ5: 4187 | AK5: 17 | AL5: 4204 | AM5: 26183 | AN5: 2103 | AO5: 2 | AP5: 3 | AQ5: 0 | AR5: 0 | AS5: 2108 | AT5: 289 | AU5: 170 | AV5: 0 | AW5: 28 | AX5: 6 | AY5: 493 | AZ5: 110 | BA5: 172 | BB5: 1163 | BC5: 0 | BD5: 0 | BE5: 1445 | BF5: 0 | BG5: 0 | BH5: 468 | BI5: 1914 | BJ5: 92 | BK5: 0 | BL5: 3 | BM5: 198 | BN5: 0 | BO5: 1 | BP5: 346 | BQ5: 3022 | BR5: 4467 | BS5: 36090
A6: 2023 | B6: Sud-est | C6: Auvergne-Rh�ne-Alpes | D6: 3 | E6: Allier | F6: C | G6: 450 | H6: 0 | I6: 11 | J6: 19 | K6: 25 | L6: 36 | M6: 25 | N6: 103 | O6: 238 | P6: 236 | Q6: 501 | R6: 1644 | S6: 7 | T6: 3026 | U6: 0 | V6: 1883 | W6: 0 | X6: 68 | Y6: 6182 | Z6: 3026 | AA6: 0 | AB6: 3291 | AC6: 467 | AD6: 7 | AE6: 0 | AF6: 81 | AG6: 0 | AH6: 567 | AI6: 18605 | AJ6: 5509 | AK6: 0 | AL6: 5509 | AM6: 24114 | AN6: 1735 | AO6: 1 | AP6: 0 | AQ6: 1 | AR6: 0 | AS6: 1737 | AT6: 170 | AU6: 49 | AV6: 0 | AW6: 10 | AX6: 1 | AY6: 230 | AZ6: 224 | BA6: 194 | BB6: 31 | BC6: 0 | BD6: 0 | BE6: 449 | BF6: 0 | BG6: 0 | BH6: 179 | BI6: 12 | BJ6: 184 | BK6: 15 | BL6: 1 | BM6: 142 | BN6: 26 | BO6: 0 | BP6: 805 | BQ6: 1364 | BR6: 1813 | BS6: 29538
A7: 2023 | B7: Sud | C7: Provence-Alpes-C�te d'Azur | D7: 4 | E7: Alpes-de-Haute-Provence | F7: C | G7: 288 | H7: 120 | I7: 15 | J7: 27 | K7: 16 | L7: 0 | M7: 6 | N7: 168 | O7: 114 | P7: 353 | Q7: 57 | R7: 1044 | S7: 161 | T7: 1170 | U7: 315 | V7: 1035 | W7: 105 | X7: 102 | Y7: 2099 | Z7: 1301 | AA7: 0 | AB7: 1299 | AC7: 351 | AD7: 10 | AE7: 0 | AF7: 73 | AG7: 12 | AH7: 437 | AI7: 8458 | AJ7: 911 | AK7: 0 | AL7: 911 | AM7: 9369 | AN7: 1007 | AO7: 0 | AP7: 35 | AQ7: 0 | AR7: 1 | AS7: 1043 | AT7: 39 | AU7: 71 | AV7: 0 | AW7: 10 | AX7: 3 | AY7: 123 | AZ7: 215 | BA7: 11 | BB7: 30 | BC7: 13 | BD7: 0 | BE7: 269 | BF7: 18 | BG7: 18 | BH7: 250 | BI7: 69 | BJ7: 96 | BK7: 6 | BL7: 5 | BM7: 0 | BN7: 6 | BO7: 35 | BP7: 249 | BQ7: 734 | BR7: 1003 | BS7: 12582
A8: 2023 | B8: Sud | C8: Provence-Alpes-C�te d'Azur | D8: 5 | E8: Hautes-Alpes | F8: C | G8: 280 | H8: 116 | I8: 0 | J8: 21 | K8: 4 | L8: 0 | M8: 9 | N8: 137 | O8: 64 | P8: 187 | Q8: 24 | R8: 726 | S8: 237 | T8: 280 | U8: 465 | V8: 1469 | W8: 100 | X8: 172 | Y8: 2063 | Z8: 314 | AA8: 0 | AB8: 1577 | AC8: 237 | AD8: 5 | AE8: 0 | AF8: 10 | AG8: 7 | AH8: 99 | AI8: 7028 | AJ8: 1022 | AK8: 9 | AL8: 1031 | AM8: 8059 | AN8: 794 | AO8: 0 | AP8: 3 | AQ8: 15 | AR8: 0 | AS8: 812 | AT8: 67 | AU8: 50 | AV8: 12 | AW8: 11 | AX8: 0 | AY8: 140 | AZ8: 61 | BA8: 219 | BB8: 174 | BC8: 0 | BD8: 0 | BE8: 454 | BF8: 0 | BG8: 0 | BH8: 279 | BI8: 64 | BJ8: 68 | BK8: 1 | BL8: 4 | BM8: 0 | BN8: 196 | BO8: 0 | BP8: 14 | BQ8: 626 | BR8: 1080 | BS8: 10817
A9: 2023 | B9: Sud | C9: Provence-Alpes-C�te d'Azur | D9: 6 | E9: Alpes-Maritimes | F9: A | G9: 645 | H9: 86 | I9: 14 | J9: 80 | K9: 25 | L9: 73 | M9: 7 | N9: 725 | O9: 546 | P9: 887 | Q9: 252 | R9: 3254 | S9: 2002 | T9: 10208 | U9: 79 | V9: 13458 | W9: 2 | X9: 1455 | Y9: 82 | Z9: 26054 | AA9: 0 | AB9: 16186 | AC9: 2648 | AD9: 31 | AE9: 122 | AF9: 69 | AG9: 58 | AH9: 732 | AI9: 73128 | AJ9: 4819 | AK9: 147 | AL9: 4966 | AM9: 78094 | AN9: 7330 | AO9: 16 | AP9: 124 | AQ9: 18 | AR9: 9 | AS9: 7497 | AT9: 712 | AU9: 637 | AV9: 0 | AW9: 7 | AX9: 61 | AY9: 1417 | AZ9: 0 | BA9: 1214 | BB9: 1328 | BC9: 603 | BD9: 5403 | BE9: 8548 | BF9: 229 | BG9: 0 | BH9: 863 | BI9: 212 | BJ9: 404 | BK9: 187 | BL9: 84 | BM9: 189 | BN9: 7 | BO9: 6 | BP9: 1629 | BQ9: 3810 | BR9: 12358 | BS9: 102620
A10: 2023 | B10: Sud-est | C10: Auvergne-Rh�ne-Alpes | D10: 7 | E10: Ard�che | F10: C | G10: 186 | H10: 157 | I10: 4 | J10: 14 | K10: 42 | L10: 6 | M10: 6 | N10: 276 | O10: 182 | P10: 533 | Q10: 90 | R10: 1339 | S10: 17 | T10: 11710 | U10: 0 | V10: 234 | W10: 0 | X10: 0 | Y10: 3939 | Z10: 2713 | AA10: 0 | AB10: 4824 | AC10: 971 | AD10: 39 | AE10: 0 | AF10: 17 | AG10: 17 | AH10: 0 | AI10: 24464 | AJ10: 2138 | AK10: 18 | AL10: 2156 | AM10: 26620 | AN10: 1799 | AO10: 0 | AP10: 0 | AQ10: 0 | AR10: 0 | AS10: 1799 | AT10: 209 | AU10: 20 | AV10: 99 | AW10: 23 | AX10: 0 | AY10: 351 | AZ10: 390 | BA10: 0 | BB10: 56 | BC10: 0 | BD10: 0 | BE10: 446 | BF10: 176 | BG10: 88 | BH10: 293 | BI10: 50 | BJ10: 100 | BK10: 8 | BL10: 14 | BM10: 0 | BN10: 0 | BO10: 2 | BP10: 220 | BQ10: 863 | BR10: 1309 | BS10: 31418
A11: 2023 | B11: Est | C11: Grand Est | D11: 8 | E11: Ardennes | F11: C | G11: 446 | H11: 235 | I11: 9 | J11: 13 | K11: 19 | L11: 6 | M11: 47 | N11: 422 | O11: 127 | P11: 225 | Q11: 102 | R11: 1416 | S11: 313 | T11: 3501 | U11: 367 | V11: 1729 | W11: 0 | X11: 211 | Y11: 4058 | Z11: 728 | AA11: 41 | AB11: 2715 | AC11: 325 | AD11: 18 | AE11: 0 | AF11: 25 | AG11: 16 | AH11: 28 | AI11: 14059 | AJ11: 41 | AK11: 3 | AL11: 44 | AM11: 14103 | AN11: 952 | AO11: 1 | AP11: 1 | AQ11: 0 | AR11: 0 | AS11: 954 | AT11: 94 | AU11: 107 | AV11: 51 | AW11: 19 | AX11: 43 | AY11: 314 | AZ11: 212 | BA11: 62 | BB11: 36 | BC11: 0 | BD11: 1 | BE11: 311 | BF11: 427 | BG11: 59 | BH11: 149 | BI11: 191 | BJ11: 17 | BK11: 0 | BL11: 6 | BM11: 22 | BN11: 16 | BO11: 1 | BP11: 256 | BQ11: 1085 | BR11: 1396 | BS11: 18183
A12: 2023 | B12: Sud | C12: Occitanie | D12: 9 | E12: Ari�ge | F12: C | G12: 223 | H12: 131 | I12: 1 | J12: 6 | K12: 10 | L12: 0 | M12: 11 | N12: 66 | O12: 108 | P12: 236 | Q12: 198 | R12: 859 | S12: 150 | T12: 774 | U12: 194 | V12: 952 | W12: 25 | X12: 102 | Y12: 1063 | Z12: 1267 | AA12: 9 | AB12: 1118 | AC12: 83 | AD12: 6 | AE12: 0 | AF12: 119 | AG12: 5 | AH12: 623 | AI12: 6485 | AJ12: 1386 | AK12: 2 | AL12: 1388 | AM12: 7873 | AN12: 723 | AO12: 2 | AP12: 1 | AQ12: 0 | AR12: 0 | AS12: 726 | AT12: 50 | AU12: 0 | AV12: 45 | AW12: 11 | AX12: 6 | AY12: 112 | AZ12: 85 | BA12: 57 | BB12: 21 | BC12: 0 | BD12: 0 | BE12: 163 | BF12: 0 | BG12: 0 | BH12: 123 | BI12: 91 | BJ12: 0 | BK12: 0 | BL12: 0 | BM12: 0 | BN12: 0 | BO12: 0 | BP12: 182 | BQ12: 396 | BR12: 559 | BS12: 10129
A13: 2023 | B13: Est | C13: Grand Est | D13: 10 | E13: Aube | F13: C | G13: 463 | H13: 175 | I13: 9 | J13: 14 | K13: 19 | L13: 0 | M13: 15 | N13: 172 | O13: 256 | P13: 383 | Q13: 359 | R13: 1690 | S13: 0 | T13: 0 | U13: 0 | V13: 1437 | W13: 0 | X13: 0 | Y13: 562 | Z13: 670 | AA13: 0 | AB13: 1526 | AC13: 507 | AD13: 12 | AE13: 0 | AF13: 59 | AG13: 18 | AH13: 7533 | AI13: 12306 | AJ13: 0 | AK13: 0 | AL13: 0 | AM13: 12306 | AN13: 1305 | AO13: 2 | AP13: 3 | AQ13: 1 | AR13: 0 | AS13: 1311 | AT13: 162 | AU13: 80 | AV13: 119 | AW13: 15 | AX13: 3 | AY13: 379 | AZ13: 552 | BA13: 0 | BB13: 167 | BC13: 0 | BD13: 0 | BE13: 719 | BF13: 0 | BG13: 0 | BH13: 86 | BI13: 268 | BJ13: 0 | BK13: 0 | BL13: 8 | BM13: 55 | BN13: 36 | BO13: 0 | BP13: 186 | BQ13: 639 | BR13: 1358 | BS13: 17044
A14: 2023 | B14: Sud | C14: Occitanie | D14: 11 | E14: Aude | F14: B | G14: 349 | H14: 122 | I14: 3 | J14: 25 | K14: 14 | L14: 7 | M14: 9 | N14: 255 | O14: 381 | P14: 1184 | Q14: 27 | R14: 2254 | S14: 359 | T14: 4673 | U14: 0 | V14: 3156 | W14: 27 | X14: 169 | Y14: 6244 | Z14: 0 | AA14: 0 | AB14: 2805 | AC14: 659 | AD14: 24 | AE14: 46 | AF14: 72 | AG14: 8 | AH14: 715 | AI14: 18949 | AJ14: 1007 | AK14: 17 | AL14: 1024 | AM14: 19973 | AN14: 2144 | AO14: 4 | AP14: 5 | AQ14: 45 | AR14: 0 | AS14: 2198 | AT14: 126 | AU14: 221 | AV14: 115 | AW14: 6 | AX14: 0 | AY14: 468 | AZ14: 245 | BA14: 24 | BB14: 80 | BC14: 73 | BD14: 0 | BE14: 422 | BF14: 1175 | BG14: 82 | BH14: 355 | BI14: 109 | BJ14: 31 | BK14: 0 | BL14: 6 | BM14: 0 | BN14: 284 | BO14: 4 | BP14: 235 | BQ14: 2199 | BR14: 2621 | BS14: 27514
A15: 2023 | B15: Sud | C15: Occitanie | D15: 12 | E15: Aveyron | F15: C | G15: 292 | H15: 172 | I15: 14 | J15: 7 | K15: 13 | L15: 10 | M15: 27 | N15: 66 | O15: 117 | P15: 260 | Q15: 278 | R15: 1084 | S15: 248 | T15: 1120 | U15: 325 | V15: 931 | W15: 3 | X15: 250 | Y15: 2781 | Z15: 1454 | AA15: 71 | AB15: 1445 | AC15: 141 | AD15: 6 | AE15: 0 | AF15: 103 | AG15: 13 | AH15: 2427 | AI15: 11305 | AJ15: 361 | AK15: 46 | AL15: 407 | AM15: 11712 | AN15: 1119 | AO15: 0 | AP15: 0 | AQ15: 2 | AR15: 0 | AS15: 1121 | AT15: 85 | AU15: 56 | AV15: 11 | AW15: 14 | AX15: 6 | AY15: 172 | AZ15: 61 | BA15: 68 | BB15: 78 | BC15: 12 | BD15: 6 | BE15: 225 | BF15: 36 | BG15: 20 | BH15: 215 | BI15: 154 | BJ15: 3 | BK15: 0 | BL15: 9 | BM15: 7 | BN15: 0 | BO15: 1 | BP15: 252 | BQ15: 677 | BR15: 902 | BS15: 14991
... A100: 2023 | B100: Oc�an indien | C100: Mayotte | D100: 976 | E100: Mayotte | F100: C | G100: 131 | H100: 0 | I100: 0 | J100: 8 | K100: 5 | L100: 9 | M100: 1 | N100: 274 | O100: 190 | P100: 263 | Q100: 113 | R100: 994 | S100: 129 | T100: 716 | U100: 196 | V100: 1089 | W100: 0 | X100: 330 | Y100: 1570 | Z100: 1530 | AA100: 22 | AB100: 1823 | AC100: 109 | AD100: 18 | AE100: 17 | AF100: 46 | AG100: 5 | AH100: 6219 | AI100: 13814 | AJ100: 3 | AK100: 4 | AL100: 7 | AM100: 13821 | AN100: 1318 | AO100: 0 | AP100: 0 | AQ100: 0 | AR100: 0 | AS100: 1318 | AT100: 4 | AU100: 0 | AV100: 73 | AW100: 4 | AX100: 0 | AY100: 81 | AZ100: 7 | BA100: 0 | BB100: 38 | BC100: 0 | BD100: 0 | BE100: 45 | BF100: 0 | BG100: 0 | BH100: 0 | BI100: 0 | BJ100: 0 | BK100: 0 | BL100: 0 | BM100: 0 | BN100: 0 | BO100: 0 | BP100: 0 | BQ100: 0 | BR100: 45 | BS100: 16259

Sheet listes_filtres
A1: zones | B1: regions
A2: Toutes | B2: Toutes
A3: Antilles | B3: Auvergne-Rh�ne-Alpes
A4: Est | B4: Bourgogne-Franche-Comt�
A5: Guyane | B5: Bretagne
A6: Nord | B6: Centre-Val de Loire
A7: Oc�an indien | B7: Corse
A8: Ouest | B8: Grand Est
A9: Sud | B9: Guadeloupe
A10: Sud-est | B10: Guyane
A11: Sud-ouest | B11: Hauts-de-France
A12: �le-de-France | B12: La R�union
B13: Martinique
B14: Mayotte
B15: Normandie
B16: Nouvelle-Aquitaine
B17: Occitanie
B18: Pays de la Loire
B19: Provence-Alpes-C�te d'Azur
B20: �le-de-France

Sheet calcul_dashboard
A1: departement | B1: interventions_filtrees
A2: Ain | B2: =SUMIFS(donnees_nettoyees!$BS$2:$BS$200,donnees_nettoyees!$E$2:$E$200,A2,donnees_nettoyees!$B$2:$B$200,tableau_de_bord!$C$6,donnees_nettoyees!$C$2:$C$200,tableau_de_bord!$F$6) | C2: =SUMIFS(donnees_nettoyees!$BS$2:$BS$200,donnees_nettoyees!$E$2:$E$200,A2,donnees_nettoyees!$B$2:$B$200,IF(tableau_de_bord!$C$6="Toutes","*",tableau_de_bord!$C$6),donnees_nettoyees!$C$2:$C$200,IF(tableau_de_bord!$F$6="Toutes","*",tableau_de_bord!$F$6))
A3: Aisne | B3: =SUMIFS(donnees_nettoyees!$BS$2:$BS$200,donnees_nettoyees!$E$2:$E$200,A3,donnees_nettoyees!$B$2:$B$200,tableau_de_bord!$C$6,donnees_nettoyees!$C$2:$C$200,tableau_de_bord!$F$6) | C3: =SUMIFS(donnees_nettoyees!$BS$2:$BS$200,donnees_nettoyees!$E$2:$E$200,A3,donnees_nettoyees!$B$2:$B$200,IF(tableau_de_bord!$C$6="Toutes","*",tableau_de_bord!$C$6),donnees_nettoyees!$C$2:$C$200,IF(tableau_de_bord!$F$6="Toutes","*",tableau_de_bord!$F$6))
A4: Allier | B4: =SUMIFS(donnees_nettoyees!$BS$2:$BS$200,donnees_nettoyees!$E$2:$E$200,A4,donnees_nettoyees!$B$2:$B$200,tableau_de_bord!$C$6,donnees_nettoyees!$C$2:$C$200,tableau_de_bord!$F$6) | C4: =SUMIFS(donnees_nettoyees!$BS$2:$BS$200,donnees_nettoyees!$E$2:$E$200,A4,donnees_nettoyees!$B$2:$B$200,IF(tableau_de_bord!$C$6="Toutes","*",tableau_de_bord!$C$6),donnees_nettoyees!$C$2:$C$200,IF(tableau_de_bord!$F$6="Toutes","*",tableau_de_bord!$F$6))
A5: Alpes-Maritimes | B5: =SUMIFS(donnees_nettoyees!$BS$2:$BS$200,donnees_nettoyees!$E$2:$E$200,A5,donnees_nettoyees!$B$2:$B$200,tableau_de_bord!$C$6,donnees_nettoyees!$C$2:$C$200,tableau_de_bord!$F$6) | C5: =SUMIFS(donnees_nettoyees!$BS$2:$BS$200,donnees_nettoyees!$E$2:$E$200,A5,donnees_nettoyees!$B$2:$B$200,IF(tableau_de_bord!$C$6="Toutes","*",tableau_de_bord!$C$6),donnees_nettoyees!$C$2:$C$200,IF(tableau_de_bord!$F$6="Toutes","*",tableau_de_bord!$F$6))
A6: Alpes-de-Haute-Provence | B6: =SUMIFS(donnees_nettoyees!$BS$2:$BS$200,donnees_nettoyees!$E$2:$E$200,A6,donnees_nettoyees!$B$2:$B$200,tableau_de_bord!$C$6,donnees_nettoyees!$C$2:$C$200,tableau_de_bord!$F$6) | C6: =SUMIFS(donnees_nettoyees!$BS$2:$BS$200,donnees_nettoyees!$E$2:$E$200,A6,donnees_nettoyees!$B$2:$B$200,IF(tableau_de_bord!$C$6="Toutes","*",tableau_de_bord!$C$6),donnees_nettoyees!$C$2:$C$200,IF(tableau_de_bord!$F$6="Toutes","*",tableau_de_bord!$F$6))
A7: Ardennes | B7: =SUMIFS(donnees_nettoyees!$BS$2:$BS$200,donnees_nettoyees!$E$2:$E$200,A7,donnees_nettoyees!$B$2:$B$200,tableau_de_bord!$C$6,donnees_nettoyees!$C$2:$C$200,tableau_de_bord!$F$6) | C7: =SUMIFS(donnees_nettoyees!$BS$2:$BS$200,donnees_nettoyees!$E$2:$E$200,A7,donnees_nettoyees!$B$2:$B$200,IF(tableau_de_bord!$C$6="Toutes","*",tableau_de_bord!$C$6),donnees_nettoyees!$C$2:$C$200,IF(tableau_de_bord!$F$6="Toutes","*",tableau_de_bord!$F$6))
A8: Ard�che | B8: =SUMIFS(donnees_nettoyees!$BS$2:$BS$200,donnees_nettoyees!$E$2:$E$200,A8,donnees_nettoyees!$B$2:$B$200,tableau_de_bord!$C$6,donnees_nettoyees!$C$2:$C$200,tableau_de_bord!$F$6) | C8: =SUMIFS(donnees_nettoyees!$BS$2:$BS$200,donnees_nettoyees!$E$2:$E$200,A8,donnees_nettoyees!$B$2:$B$200,IF(tableau_de_bord!$C$6="Toutes","*",tableau_de_bord!$C$6),donnees_nettoyees!$C$2:$C$200,IF(tableau_de_bord!$F$6="Toutes","*",tableau_de_bord!$F$6))
A9: Ari�ge | B9: =SUMIFS(donnees_nettoyees!$BS$2:$BS$200,donnees_nettoyees!$E$2:$E$200,A9,donnees_nettoyees!$B$2:$B$200,tableau_de_bord!$C$6,donnees_nettoyees!$C$2:$C$200,tableau_de_bord!$F$6) | C9: =SUMIFS(donnees_nettoyees!$BS$2:$BS$200,donnees_nettoyees!$E$2:$E$200,A9,donnees_nettoyees!$B$2:$B$200,IF(tableau_de_bord!$C$6="Toutes","*",tableau_de_bord!$C$6),donnees_nettoyees!$C$2:$C$200,IF(tableau_de_bord!$F$6="Toutes","*",tableau_de_bord!$F$6))
A10: Aube | B10: =SUMIFS(donnees_nettoyees!$BS$2:$BS$200,donnees_nettoyees!$E$2:$E$200,A10,donnees_nettoyees!$B$2:$B$200,tableau_de_bord!$C$6,donnees_nettoyees!$C$2:$C$200,tableau_de_bord!$F$6) | C10: =SUMIFS(donnees_nettoyees!$BS$2:$BS$200,donnees_nettoyees!$E$2:$E$200,A10,donnees_nettoyees!$B$2:$B$200,IF(tableau_de_bord!$C$6="Toutes","*",tableau_de_bord!$C$6),donnees_nettoyees!$C$2:$C$200,IF(tableau_de_bord!$F$6="Toutes","*",tableau_de_bord!$F$6))
A11: Aude | B11: =SUMIFS(donnees_nettoyees!$BS$2:$BS$200,donnees_nettoyees!$E$2:$E$200,A11,donnees_nettoyees!$B$2:$B$200,tableau_de_bord!$C$6,donnees_nettoyees!$C$2:$C$200,tableau_de_bord!$F$6) | C11: =SUMIFS(donnees_nettoyees!$BS$2:$BS$200,donnees_nettoyees!$E$2:$E$200,A11,donnees_nettoyees!$B$2:$B$200,IF(tableau_de_bord!$C$6="Toutes","*",tableau_de_bord!$C$6),donnees_nettoyees!$C$2:$C$200,IF(tableau_de_bord!$F$6="Toutes","*",tableau_de_bord!$F$6))
A12: Aveyron | B12: =SUMIFS(donnees_nettoyees!$BS$2:$BS$200,donnees_nettoyees!$E$2:$E$200,A12,donnees_nettoyees!$B$2:$B$200,tableau_de_bord!$C$6,donnees_nettoyees!$C$2:$C$200,tableau_de_bord!$F$6) | C12: =SUMIFS(donnees_nettoyees!$BS$2:$BS$200,donnees_nettoyees!$E$2:$E$200,A12,donnees_nettoyees!$B$2:$B$200,IF(tableau_de_bord!$C$6="Toutes","*",tableau_de_bord!$C$6),donnees_nettoyees!$C$2:$C$200,IF(tableau_de_bord!$F$6="Toutes","*",tableau_de_bord!$F$6))
A13: Bas-Rhin | B13: =SUMIFS(donnees_nettoyees!$BS$2:$BS$200,donnees_nettoyees!$E$2:$E$200,A13,donnees_nettoyees!$B$2:$B$200,tableau_de_bord!$C$6,donnees_nettoyees!$C$2:$C$200,tableau_de_bord!$F$6) | C13: =SUMIFS(donnees_nettoyees!$BS$2:$BS$200,donnees_nettoyees!$E$2:$E$200,A13,donnees_nettoyees!$B$2:$B$200,IF(tableau_de_bord!$C$6="Toutes","*",tableau_de_bord!$C$6),donnees_nettoyees!$C$2:$C$200,IF(tableau_de_bord!$F$6="Toutes","*",tableau_de_bord!$F$6))
... A99: Yvelines | B99: =SUMIFS(donnees_nettoyees!$BS$2:$BS$200,donnees_nettoyees!$E$2:$E$200,A99,donnees_nettoyees!$B$2:$B$200,tableau_de_bord!$C$6,donnees_nettoyees!$C$2:$C$200,tableau_de_bord!$F$6) | C99: =SUMIFS(donnees_nettoyees!$BS$2:$BS$200,donnees_nettoyees!$E$2:$E$200,A99,donnees_nettoyees!$B$2:$B$200,IF(tableau_de_bord!$C$6="Toutes","*",tableau_de_bord!$C$6),donnees_nettoyees!$C$2:$C$200,IF(tableau_de_bord!$F$6="Toutes","*",tableau_de_bord!$F$6))
